city,subregion,lane-miles,population,lat,lon,lane-feet_per_pop,region
New York City,NY,13.2,8930002,40.7127281,-74.0060152,0.007795748192534519,us
Los Angeles,CA,50.3,3919973,34.0536909,-118.242766,0.06774252572362728,us
Chicago,IL,8.9,2756546,41.8755616,-87.6244212,0.017057402776806768,us
Houston,TX,60.2,2345606,29.7589382,-95.3676974,0.13545462812901923,us
Phoenix,AZ,9.9,1640641,33.4484367,-112.074141,0.03196489942745059,us
Philadelphia,PA,21.3,1619355,39.9527237,-75.1635262,0.06947290371332969,us
San Antonio,TX,45.9,1456069,29.4246002,-98.4951405,0.16646384031448694,us
San Diego,CA,48.1,1402838,32.7174202,-117.1627728,0.180983220115605,us
Dallas,TX,87.0,1325691,32.7762719,-96.7968559,0.3464709315360295,us
San Jose,CA,45.9,1026700,37.3361663,-121.890591,0.23594123090936492,us
Austin,TX,14.7,996147,30.2711286,-97.7436995,0.07784737714861951,us
Jacksonville,FL,17.8,975177,30.3321838,-81.655651,0.09622906986212673,us
Fort Worth,TX,58.8,954457,32.753177,-97.3327459,0.32513169814377146,us
Columbus,OH,46.2,929492,39.9622601,-83.0007065,0.2621648150202988,us
Charlotte,NC,52.8,903211,35.2272086,-80.8430827,0.3089101839077929,us
Indianapolis,IN,17.2,901082,39.7683331,-86.1583502,0.10095356436740463,us
San Francisco,CA,18.3,887711,37.7790262,-122.419906,0.10909783512124065,us
Seattle,WA,41.2,762687,47.6038321,-122.330062,0.28515009964225235,us
Denver,CO,0,738594,39.7392364,-104.984862,0.0,us
Washington,DC,17.8,707109,38.8950368,-77.0365427,0.13326439962038011,us
Nashville,TN,35.6,707091,36.1622767,-86.7742984,0.2661023106791915,us
Oklahoma City,OK,13.6,701266,35.4729886,-97.5170536,0.10275800482762203,us
Boston,MA,32.0,687257,42.3554334,-71.060511,0.24618776449009436,us
El Paso,TX,45.3,684753,31.7865623,-106.441207,0.3491053384851462,us
Portland,OR,45.1,666249,45.5202471,-122.674194,0.35772775563566206,us
Las Vegas,NV,67.5,653533,36.1672559,-115.148516,0.5452056586780963,us
Memphis,TN,0,630348,35.1335022,-89.9668758,0.0,us
Detroit,MI,38.6,624177,42.3315509,-83.0466403,0.3262461494923155,us
Baltimore,MD,17.3,578658,39.2908816,-76.610759,0.15779974181936834,us
Milwaukee,WI,48.7,573700,43.0349931,-87.922497,0.4479040126615252,us
Albuquerque,NM,10.8,568301,35.0841034,-106.650985,0.10058842198149238,us
Fresno,CA,35.3,551595,36.7394421,-119.7848307,0.3376253096049046,us
Tucson,AZ,21.5,547131,32.2228765,-110.9748477,0.2071694097438764,us
Sacramento,CA,20.8,536635,38.5810606,-121.493895,0.20503619373874835,us
Kansas City,MO,60.5,517750,39.100105,-94.5781416,0.6170624620231353,us
Mesa,AZ,0,517302,33.4151117,-111.8314792,0.0,us
Atlanta,GA,66.5,514457,33.7489924,-84.3902644,0.6823967404996716,us
Omaha,NE,31.9,501469,41.2587459,-95.9383758,0.33604972483050916,us
Colorado Springs,CO,22.3,491467,38.8339578,-104.825348,0.24010746889440504,us
Raleigh,NC,0,480419,35.7803977,-78.6390989,0.0,us
Long Beach,CA,17.9,467638,33.7690164,-118.191604,0.20228827175867384,us
Virginia Beach,VA,3.4,463766,36.8529841,-75.9774183,0.03827560514247146,us
Miami,FL,31.9,450797,25.7741728,-80.19362,0.3741855158191506,us
Oakland,CA,39.6,450630,37.8044557,-122.271356,0.46436597998405355,us
Minneapolis,MN,50.2,439430,44.9772995,-93.2654692,0.6033752323152859,us
Tulsa,OK,45.1,417298,36.1563122,-95.9927436,0.5704605422467652,us
Bakersfield,CA,6.2,414649,35.3738712,-119.0194639,0.07943339941648643,us
Wichita,KS,7.2,400564,37.6922361,-97.3375448,0.09448432953382777,us
Arlington,TX,0,400032,32.7355816,-97.1071186,0.0,us
Aurora,CO,0,398497,41.7571701,-88.3147539,0.0,us
Tampa,FL,36.6,394809,27.9477595,-82.458444,0.4890837399885167,us
New Orleans,LA,12.9,392031,29.9759983,-90.0782127,0.1735144740690929,us
Cleveland,OH,33.9,367786,41.4996574,-81.6936772,0.4872750093411695,us
Honolulu,HI,19.9,353706,21.304547,-157.855676,0.296555847653948,us
Anaheim,CA,5.0,348936,33.8347516,-117.911732,0.07634753432458596,us
Louisville,KY,33.9,344794,38.2542376,-85.759407,0.5198680379169973,us
Henderson,NV,0,329586,36.0301134,-114.9826194,0.0,us
Lexington,KY,0,327924,38.0464066,-84.4970393,0.0,us
Irvine,CA,16.8,326730,33.6856969,-117.8259819,0.27084294590890134,us
Stockton,CA,29.2,326624,37.9577016,-121.2907796,0.471779312951811,us
Orlando,FL,57.6,321427,28.5421109,-81.3790304,0.9456926056596996,us
Corpus Christi,TX,6.8,320393,27.7635302,-97.4033191,0.11252172871302425,us
Newark,NJ,11.9,318431,40.735657,-74.1723667,0.19775202212950907,us
Riverside,CA,20.5,317224,33.9533546,-117.3961623,0.3415676349059684,us
St. Paul,MN,50.2,316819,44.9497487,-93.0931028,0.8370329650211893,us
Cincinnati,OH,49.1,311791,39.1014537,-84.5124602,0.8316262028619618,us
San Juan,PR,0,311038,18.465299,-66.116666,0.0,us
Santa Ana,CA,12.6,307367,33.7494951,-117.8732213,0.21694331807181974,us
Greensboro,NC,0,304909,36.0726355,-79.7919754,0.0,us
Pittsburgh,PA,46.3,302425,40.4416941,-79.9900861,0.8085324940769859,us
Jersey City,NJ,13.7,301419,40.7215682,-74.047455,0.2392800329453189,us
St. Louis,MO,18.8,298034,38.6319657,-90.2428756,0.3336104393739239,us
Lincoln,NE,1.9,297622,40.8088861,-96.7077751,0.03415512694061178,us
Durham,NC,13.0,294542,35.996653,-78.9018053,0.23349591261829303,us
Anchorage,AK,0,291131,61.2163129,-149.894852,0.0,us
Plano,TX,36.2,290624,33.0136764,-96.6925096,0.6578922675182554,us
Chandler,AZ,0,283959,33.3061605,-111.84125,0.0,us
Chula Vista,CA,14.8,281801,32.6400541,-117.0841955,0.27687415629953227,us
Buffalo,NY,28.9,281757,42.8867166,-78.8783922,0.5411811594353986,us
Gilbert,AZ,0,279810,33.3527632,-111.7890373,0.0,us
Madison,WI,0,277166,43.074761,-89.3837613,0.0,us
Reno,NV,19.2,271953,39.5261206,-119.8126581,0.37244701079523773,us
North Las Vegas,NV,22.1,271641,36.2005843,-115.121584,0.42915021070944376,us
Toledo,OH,21.2,267603,41.6529143,-83.5378173,0.41854219376603313,us
Fort Wayne,IN,0,265926,41.0799898,-85.1386015,0.0,us
Irving,TX,21.8,264762,32.8295183,-96.9442177,0.4341557897182726,us
Lubbock,TX,0,262655,33.5635206,-101.879336,0.0,us
St. Petersburg,FL,26.7,261016,27.7703796,-82.6695085,0.5407548705772942,us
Laredo,TX,13.9,259027,27.5236998,-99.497352,0.28333579644781703,us
Chesapeake,VA,0,254864,36.7183708,-76.2466798,0.0,us
Winston-Salem,NC,25.7,253531,36.0998131,-80.2440518,0.5355473877747323,us
Glendale,AZ,0,252645,33.5386858,-112.185994,0.0,us
Garland,TX,0,249846,32.912624,-96.6388833,0.0,us
Scottsdale,AZ,0,246157,33.4942189,-111.9260184,0.0,us
Arlington,VA,13.6,244847,38.8769326,-77.0893094,0.2936306621575173,us
Enterprise,NV,0,244501,36.046139,-115.223759,0.0,us
Boise,ID,4.6,241686,43.6166163,-116.200886,0.10001615641348482,us
Santa Clarita,CA,0,239143,34.3916641,-118.542586,0.0,us
Norfolk,VA,15.3,237045,36.8968052,-76.2602336,0.3416800577761491,us
Fremont,CA,0,233788,37.5482697,-121.988571,0.0,us
Spokane,WA,17.0,233003,47.6571934,-117.42351,0.3863139098075084,us
Richmond,VA,34.7,231090,37.5385087,-77.43428,0.7930566973785118,us
Baton Rouge,LA,0,227066,30.4507936,-91.1391153,0.0,us
San Bernardino,CA,0,224537,34.8253019,-116.0833144,0.0,us
Tacoma,WA,15.4,223536,47.2495798,-122.439874,0.3626904252096055,us
Spring Valley,NV,0,223037,36.1111405,-115.2428656,0.0,us
Hialeah,FL,0,222797,25.8575963,-80.2781057,0.0,us
Huntsville,AL,35.7,221986,34.729847,-86.5859011,0.8499626228943594,us
Modesto,CA,25.4,221924,37.6390972,-120.9968782,0.6042482646548596,us
Frisco,TX,6.2,217213,33.1506744,-96.8236116,0.15091182075146478,us
Des Moines,IA,23.4,216273,41.5910323,-93.6046655,0.5712221192541981,us
Yonkers,NY,1.6,214687,40.9312099,-73.8987469,0.039648022884638985,us
Port St. Lucie,FL,0,212901,27.2939333,-80.3503283,0.0,us
Moreno Valley,CA,21.6,211688,33.937517,-117.2305944,0.5384017296729113,us
Worcester,MA,19.4,211612,42.2625621,-71.8018877,0.4831006790974493,us
Rochester,NY,30.4,211480,43.157285,-77.615214,0.7583047035821598,us
Fontana,CA,0,210857,34.0922335,-117.435048,0.0,us
Columbus,GA,5.8,210330,32.4610708,-84.9880449,0.14530663542929112,us
Fayetteville,NC,8.8,210089,35.0525759,-78.878292,0.222181803988088,us
Sunrise Manor,NV,0,208868,36.1830875,-115.02796403836633,0.0,us
McKinney,TX,0,208146,33.1976496,-96.6154471,0.0,us
Little Rock,AR,18.7,204405,34.7465071,-92.2896267,0.4831253417190208,us
Augusta,GA,5.9,203329,33.4709714,-81.9748429,0.15232716392451112,us
Oxnard,CA,0,202895,34.1976308,-119.1803818,0.0,us
Salt Lake City,UT,1.7,202379,40.7596198,-111.8867975,0.044678751887749404,us
Amarillo,TX,9.8,202333,35.2072185,-101.833824,0.2552520442462767,us
Overland Park,KS,0,202012,38.9742502,-94.6851702,0.0,us
Cape Coral,FL,0,201958,26.6059432,-81.9806771,0.0,us
Grand Rapids,MI,41.1,201093,42.9632405,-85.6678639,1.0780159235155262,us
Huntington Beach,CA,0,200455,33.6783336,-118.0000166,0.0,us
Sioux Falls,SD,0,200243,43.5488256,-96.7307737,0.0,us
Grand Prairie,TX,21.5,200240,32.7459645,-96.9977846,0.567784371082568,us
Montgomery,AL,17.0,199571,32.3669656,-86.3006485,0.4504547117170097,us
Tallahassee,FL,0,199127,30.4380832,-84.2809332,0.0,us
Birmingham,AL,37.7,198433,33.5206824,-86.8024326,1.0032353528095106,us
Peoria,AZ,0,198369,33.5806115,-112.237294,0.0,us
Glendale,CA,29.9,197507,34.1469416,-118.2478471,0.7997706258240257,us
Vancouver,WA,25.6,196739,45.6306954,-122.6744557,0.6859640645305671,us
Providence,RI,49.1,193512,41.8239891,-71.4128343,1.339549607512156,us
Knoxville,TN,34.5,193114,35.9603948,-83.9210261,0.9424289057759052,us
Brownsville,TX,20.4,189082,25.9140277,-97.4890879,0.568351007951908,us
Akron,OH,13.8,188741,41.083064,-81.518485,0.3866784772513929,us
Newport News,VA,18.9,187353,36.9775016,-76.42977,0.5340249660511088,us
Fort Lauderdale,FL,0,186208,26.1223084,-80.1433786,0.0,us
Mobile,AL,0,185427,30.6867339,-88.0848929,0.0,us
Shreveport,LA,17.3,185249,32.4707862,-93.7559378,0.49304702594783295,us
Paradise,NV,35.3,184852,36.1150858,-115.173414,1.008123104210131,us
Tempe,AZ,25.2,184361,33.4255056,-111.9400091,0.7231411328162612,us
Chattanooga,TN,16.2,183783,35.0457219,-85.3094883,0.4640929968561916,us
Cary,NC,0,182619,35.7882893,-78.7812081,0.0,us
Eugene,OR,10.2,180748,44.0505054,-123.0950506,0.29651223287914846,us
Elk Grove,CA,17.4,180746,38.4087993,-121.3716178,0.5071088336120374,us
Santa Rosa,CA,33.4,180189,38.4404925,-122.7141049,0.9782764460411453,us
Salem,OR,0,179715,44.9391565,-123.033121,0.0,us
Ontario,CA,0,177533,50.000678,-86.000977,0.0,us
Aurora,IL,0,177070,41.7571701,-88.3147539,0.0,us
Lancaster,CA,0,176892,34.6981064,-118.1366153,0.0,us
Rancho Cucamonga,CA,0,176289,34.1033192,-117.5751735,0.0,us
Oceanside,CA,21.9,175464,33.1958696,-117.3794834,0.6599701218044789,us
Fort Collins,CO,0,174974,40.5508527,-105.0668085,0.0,us
Pembroke Pines,FL,19.0,174464,26.0031465,-80.223937,0.574861562880222,us
Clarksville,TN,0,173480,36.5277607,-87.3588703,0.0,us
Palmdale,CA,7.4,172790,34.5793131,-118.1171108,0.2256691769873457,us
Garden Grove,CA,21.8,172163,33.7746292,-117.9463717,0.6678886383532036,us
Springfield,MO,0,171112,37.1968298,-93.2946576,0.0,us
Hayward,CA,0,166708,37.6688205,-122.080796,0.0,us
Salinas,CA,22.9,166162,36.6744117,-121.6550372,0.7288015078968096,us
Alexandria,VA,23.7,163367,38.8051095,-77.0470229,0.7667510636457262,us
Paterson,NJ,28.6,162438,40.9167654,-74.171811,0.93021337371992,us
Murfreesboro,TN,0,161571,35.8460396,-86.3921096,0.0,us
Bayamon,PR,10.3,161242,18.3990551,-66.1560326,0.33606806618316165,us
Sunnyvale,CA,0,158949,37.3688301,-122.036349,0.0,us
Kansas City,KS,16.4,158771,39.1134562,-94.626497,0.545854175404833,us
Lakewood,CO,0,158584,39.7085736,-105.0846694,0.0,us
Killeen,TX,0,158129,31.1171441,-97.727796,0.0,us
Corona,CA,56.0,158088,33.8752945,-117.5664449,1.870520523365931,us
Bellevue,WA,32.8,157752,47.6144219,-122.192337,1.0971633762990116,us
Springfield,MA,41.0,156503,42.1018764,-72.5886727,1.3818375864251564,us
Charleston,SC,10.6,156255,32.7876012,-79.9402728,0.3576547237375509,us
Hollywood,FL,0,155527,26.0112014,-80.1494901,0.0,us
Roseville,CA,0.8,153569,38.7521235,-121.2880059,0.028035584062927905,us
Pasadena,TX,0,152532,29.6910753,-95.2092076,0.0,us
Escondido,CA,4.6,152464,33.1216751,-117.0814849,0.15857979894368032,us
Pomona,CA,0,152245,34.0553813,-117.7517496,0.0,us
Mesquite,TX,0,152164,32.7666103,-96.599472,0.0,us
Naperville,IL,0,151078,41.7728699,-88.1479278,0.0,us
Joliet,IL,1.2,150948,41.5263603,-88.0840212,0.04299928063794647,us
Savannah,GA,2.1,150078,32.0564572,-81.0951271,0.07382907151325527,us
Jackson,MS,0,149739,32.3086744,-90.1983063,0.0,us
Bridgeport,CT,24.7,149538,41.1670412,-73.2048348,0.8710667037118752,us
Syracuse,NY,33.3,149310,43.0481221,-76.1474244,1.1787391747540183,us
Surprise,AZ,0,148274,33.6292271,-112.3680189,0.0,us
Rockford,IL,0,147811,42.2713945,-89.093966,0.0,us
Torrance,CA,0,147393,33.8358492,-118.3406288,0.0,us
Thornton,CO,24.3,146487,39.8695516,-104.985181,0.8765166038138335,us
Kent,WA,15.0,145424,47.3826903,-122.2270272,0.5462062429396395,us
Fullerton,CA,0,145309,33.8708215,-117.9294165,0.0,us
Denton,TX,7.4,145167,33.1838787,-97.1413417,0.2675748400973025,us
Visalia,CA,13.2,144772,36.3302284,-119.292058,0.48196343275888803,us
McAllen,TX,0,144676,26.204114,-98.2300605,0.0,us
London,United Kingdom,0,8961989,51.5073359,-0.12765,0.0,europe
Berlin,Germany,0,3426354,52.5170365,13.3888599,0.0,europe
Madrid,Spain,1.1,3255944,40.4167047,-3.7035825,0.0017993962874605016,europe
Kyiv,Ukraine,0,2797553,50.4500336,30.5241361,0.0,europe
Rome,Italy,0,2318895,41.8933203,12.4829321,0.0,europe
Paris,France,0,2138551,48.8588897,2.3200410217200766,0.0,europe
Bucharest,Romania,0,1877155,44.4361414,26.1027202,0.0,europe
Minsk,Belarus,0,1742124,53.9024716,27.5618225,0.0,europe
Budapest,Hungary,0,1741041,47.4979937,19.0403594,0.0,europe
Hamburg,Germany,0,1739117,53.550341,10.000654,0.0,europe
Warsaw,Poland,0,1702139,52.2319581,21.0067249,0.0,europe
Vienna,Austria,0,1691468,48.2083537,16.3725042,0.0,europe
Barcelona,Spain,0,1621537,41.3828939,2.1774322,0.0,europe
Stockholm,Sweden,0,1515017,59.3251172,18.0710935,0.0,europe
Kharkiv,Ukraine,0,1430885,49.9923181,36.2310146,0.0,europe
Belgrade,Serbia,0,1273651,44.8178131,20.4568974,0.0,europe
Munich,Germany,0,1260391,48.1371079,11.5753822,0.0,europe
Milan,Italy,0,1236837,45.4641943,9.1896346,0.0,europe
Prague,Czech Republic,0,1165581,50.0874654,14.4212535,0.0,europe
Copenhagen,Denmark,0,1153615,55.6867243,12.5700724,0.0,europe
Sofia,Bulgaria,0,1152556,42.6977028,23.3217359,0.0,europe
Donetsk,Ukraine,0,1024700,48.0158753,37.8013407,0.0,europe
Dublin,Ireland,0,1024027,53.3498006,-6.2602964,0.0,europe
Brussels,Belgium,0,1019022,50.8465573,4.351697,0.0,europe
Odessa,Ukraine,0,1013159,46.4843023,30.7322878,0.0,europe
Dnipro,Ukraine,0,998103,51.9191343,30.8243039,0.0,europe
Birmingham,United Kingdom,1.9,984333,52.4796992,-1.9026911,0.009924546878826603,europe
Koeln,Germany,1.1,963395,50.938361,6.959974,0.005776811404557809,europe
Naples,Italy,0,959470,40.8358846,14.2487679,0.0,europe
Turin,Italy,0,870456,45.0677551,7.6824892,0.0,europe
Liverpool,United Kingdom,0,864122,53.4071991,-2.99168,0.0,europe
Valencia,Spain,0,814208,39.4697065,-0.3763353,0.0,europe
Marseille,France,4.8,794811,43.2961743,5.3699525,0.03164003977730479,europe
Lodz,Poland,0,768755,51.7687323,19.4569911,0.0,europe
Krakow,Poland,0,755050,50.0619474,19.9368564,0.0,europe
Riga,Latvia,0,742572,56.9493977,24.1051846,0.0,europe
Amsterdam,Netherlands,0,741636,52.3730796,4.8924534,0.0,europe
Zaporizhzhya,Ukraine,0,738728,47.8507859,35.1182867,0.0,europe
Lviv,Ukraine,0,717803,49.841952,24.0315921,0.0,europe
Sevilla,Spain,0,703206,37.3886303,-5.9953403,0.0,europe
Zagreb,Croatia,0,698966,45.84264135,15.962231476593626,0.0,europe
Sarajevo,Bosnia and Herzegovina,0,696731,43.8519774,18.3866868,0.0,europe
Sheffield,United Kingdom,0,685368,53.3806626,-1.4702278,0.0,europe
Zaragoza,Spain,0,674317,41.6521342,-0.8809428,0.0,europe
Athens,Greece,0,664046,37.9839412,23.7283052,0.0,europe
Frankfurt am Main,Germany,0,650000,50.1106444,8.6820917,0.0,europe
Palermo,Italy,0,648260,38.1112268,13.3524434,0.0,europe
Chisinau,Moldova,0,635994,47.0245117,28.8322923,0.0,europe
Wroclaw,Poland,0,634893,51.1089776,17.0326689,0.0,europe
Bristol,United Kingdom,0,617280,51.4538022,-2.5972985,0.0,europe
Rotterdam,Netherlands,0,598199,51.9244424,4.47775,0.0,europe
Essen,Germany,7.8,593085,51.4582235,7.0158171,0.0690724077089837,europe
Glasgow,United Kingdom,37.3,591620,55.8606182,-4.2497933,0.33281680318967777,europe
Stuttgart,Germany,0,589793,48.7784485,9.1800132,0.0,europe
Dortmund,Germany,0,588462,51.5142273,7.4652789,0.0,europe
Genoa,Italy,0,580223,44.40726,8.9338624,0.0,europe
Oslo,Norway,0,580000,59.9133301,10.7389701,0.0,europe
Duesseldorf,Germany,0,573057,51.2254018,6.7763137,0.0,europe
Goeteborg,Sweden,6.4,572799,57.7072326,11.9670171,0.05855865555202081,europe
Poznan,Poland,0,570352,52.4006632,16.91973259178088,0.0,europe
Malaga,Spain,0,568305,36.7213028,-4.4216366,0.0,europe
Helsinki,Finland,0,558457,60.1674881,24.9427473,0.0,europe
Bremen,Germany,0,546501,53.0758196,8.8071646,0.0,europe
Vilnius,Lithuania,0,542366,54.6870458,25.2829111,0.0,europe
Lisbon,Portugal,0,517802,38.7077507,-9.1365919,0.0,europe
Nuernberg,Germany,0,515543,49.453872,11.077298,0.0,europe
Hannover,Germany,0,515140,52.3744779,9.7385532,0.0,europe
Leicester,United Kingdom,0,508916,52.6362,-1.1331969,0.0,europe
Leipzig,Germany,0,504971,51.3406321,12.3747329,0.0,europe
Duisburg,Germany,31.0,504358,51.434999,6.759562,0.3244762960734716,europe
Dresden,Germany,0,486854,51.0493286,13.7381437,0.0,europe
Mykolayiv,Ukraine,0,483186,46.9380295,32.0626947,0.0,europe
Homyel',Belarus,0,480951,52.4238936,31.0131698,0.0,europe
Skopje,North Macedonia,0,474889,41.9961816,21.4319213,0.0,europe
The Hague,Netherlands,0,474292,52.0799838,4.3113461,0.0,europe
Lyon,France,0,472317,45.7578137,4.8320114,0.0,europe
Edinburgh,United Kingdom,0,464990,55.9533456,-3.1883749,0.0,europe
Sevastopol,Ukraine,0,464349,44.624513,33.5098156,0.0,europe
Gdansk,Poland,0,461865,54.3706858,18.61298210330077,0.0,europe
Antwerpen,Belgium,0,459805,51.2211097,4.3997081,0.0,europe
Leeds,United Kingdom,14.8,455123,53.7974185,-1.5437941,0.17177420944952765,europe
Luhansk,Ukraine,0,452000,49.2724587,38.9150477,0.0,europe
Cardiff,United Kingdom,0,447287,51.4816546,-3.1791934,0.0,europe
Murcia,Spain,14.1,436870,37.9923795,-1.1305431,0.1709615030607314,europe
Toulouse,France,0,433055,43.6044622,1.4442469,0.0,europe
Mariupol,Ukraine,0,431859,47.0957648,37.5499621,0.0,europe
Bratislava,Slovakia,0,423737,48.1516988,17.1093063,0.0,europe
Wandsbek,Germany,5.4,411422,53.5760029,10.0755348,0.06953114504700546,europe
Szczecin,Poland,0,407811,53.4301818,14.5509623,0.0,europe
Palma,Spain,0,401270,39.5695818,2.6500745,0.0,europe
Manchester,United Kingdom,9.4,395515,53.4794892,-2.2451148,0.12581483954808695,europe
Tallinn,Estonia,0,394024,59.4372155,24.7453688,0.0,europe
Bochum,Germany,0.7,385729,51.4818111,7.2196635,0.010036330815388794,europe
Sector 3,Romania,0,385439,44.418233650000005,26.16511618586854,0.0,europe
Las Palmas de Gran Canaria,Spain,7.3,381847,28.1288694,-15.4349015,0.10045456100696072,europe
Bochum-Hordel,Germany,1.1,380000,51.4957286,7.1621104,0.014689816062605015,europe
Makiivka,Ukraine,0,376610,48.0448144,37.9635093,0.0,europe
Tirana,Albania,0,374801,41.3305141,19.825562857582966,0.0,europe
Kaunas,Lithuania,0,374643,54.8982139,23.9044817,0.0,europe
Stoke-on-Trent,United Kingdom,0,372775,53.0162014,-2.1812607,0.0,europe
Vinnytsya,Ukraine,0,369839,49.2392809,28.5110617,0.0,europe
Brno,Czech Republic,0,369559,49.1922443,16.6113382,0.0,europe
Mahilyow,Belarus,0,369200,53.9090245,30.3429838,0.0,europe
Sector 6,Romania,0,367760,44.4478746,26.0324476,0.0,europe
Bydgoszcz,Poland,0,366452,53.1219648,18.0002529,0.0,europe
Bologna,Italy,0,366133,44.4938203,11.3426327,0.0,europe
Wuppertal,Germany,6.1,360797,51.264018,7.1780374,0.08905174829737489,europe
Lublin,Poland,0,360044,51.250559,22.5701022,0.0,europe
Coventry,United Kingdom,0,359262,52.4081812,-1.510477,0.0,europe
Bilbao,Spain,8.3,354860,43.2630018,-2.9350039,0.12275608773272208,europe
Thessaloniki,Greece,0,354290,40.6403167,22.9352716,0.0,europe
Florence,Italy,0,349296,43.7698712,11.2555757,0.0,europe
Sector 2,Romania,0,345370,44.45960075,26.130373356982982,0.0,europe
Vitebsk,Belarus,0,342700,55.1930197,30.2070437,0.0,europe
Zurich,Switzerland,0.7,341730,47.3744489,8.5410422,0.010503358859690717,europe
Plovdiv,Bulgaria,0,340494,42.1418541,24.7499297,0.0,europe
Nice,France,0,338620,43.7009358,7.2683912,0.0,europe
Simferopol,Ukraine,0,336460,44.9622742,34.0816974,0.0,europe
Sunderland,United Kingdom,0,335415,54.9058512,-1.3828727,0.0,europe
Alicante,Spain,0.1,334757,38.3436365,-0.4881708,0.000958522090057084,europe
Bielefeld,Germany,0,331906,52.0191005,8.531007,0.0,europe
Bonn,Germany,0,330579,50.735851,7.10066,0.0,europe
Brent,United Kingdom,0,329100,52.0184884,-0.723545,0.0,europe
Cordoba,Spain,0,328428,37.8845813,-4.7760138,0.0,europe
Birkenhead,United Kingdom,0,325264,53.3895177,-3.0248007,0.0,europe
Nottingham,United Kingdom,0,321500,52.9534193,-1.1496461,0.0,europe
Islington,United Kingdom,0,319143,51.5384287,-0.0999051,0.0,europe
Reading,United Kingdom,0,318014,51.456659,-0.9696512,0.0,europe
Iasi,Romania,0,318012,47.1615416,27.5837224,0.0,europe
Valladolid,Spain,0,317864,41.6521328,-4.728562,0.0,europe
Hrodna,Belarus,0,317365,53.6834599,23.8342648,0.0,europe
Katowice,Poland,8.6,317316,50.2598987,19.0215852,0.14319140750072856,europe
Cluj-Napoca,Romania,0,316748,46.769379,23.5899542,0.0,europe
Timisoara,Romania,0,315053,45.7538355,21.2257474,0.0,europe
Kingston upon Hull,United Kingdom,0,314018,53.7435722,-0.3394758,0.0,europe
Preston,United Kingdom,0,313332,53.7593363,-2.6992717,0.0,europe
Ostrava,Czech Republic,0,313088,49.8349139,18.2820084,0.0,europe
Varna,Bulgaria,0,312770,43.2073873,27.9166653,0.0,europe
Mannheim,Germany,0,307960,49.4892913,8.4673098,0.0,europe
Chernihiv,Ukraine,0,307684,51.272593,31.7417235,0.0,europe
Newport,United Kingdom,9.8,306844,51.5882332,-2.9974967,0.16923306546359318,europe
Craiova,Romania,0,304142,44.3190159,23.7965614,0.0,europe
Constanta,Romania,0,303399,44.1767161,28.6507598,0.0,europe
Malmoe,Sweden,0,301706,55.6052931,13.0001566,0.0,europe
Brest,Belarus,0,300715,52.093751,23.6851851,0.0,europe
Swansea,United Kingdom,0,300352,51.6195955,-3.9459248,0.0,europe
Bradford,United Kingdom,0,299310,53.7944229,-1.7519186,0.0,europe
Vigo,Spain,4.8,297332,42.2376602,-8.7247205,0.0858842810396038,europe
Southend-on-Sea,United Kingdom,0,295310,51.5388241,0.7128137,0.0,europe
Sumy,Ukraine,0,294456,50.9119775,34.8027723,0.0,europe
Galati,Romania,0,294087,45.4338215,28.0549395,0.0,europe
Bialystok,Poland,0,291855,53.127505049999996,23.147050870161664,0.0,europe
Catania,Italy,0,290927,37.5023612,15.0873718,0.0,europe
Utrecht,Netherlands,0,290529,52.080985600000005,5.12768396945229,0.0,europe
Kherson,Ukraine,0,289096,46.5421715,33.4079326,0.0,europe
Poltava,Ukraine,0,288324,49.8607809,33.7498787,0.0,europe
Sector 4,Romania,0,287828,44.38189825,26.119014615153255,0.0,europe
Marienthal,Germany,7.7,287101,53.5651302,10.0823813,0.14238527537774787,europe
Karlsruhe,Germany,0,283799,49.0068705,8.4034195,0.0,europe
Hamburg-Nord,Germany,0,280000,53.61915555,10.009739899920163,0.0,europe
Horlivka,Ukraine,0,278550,48.3058686,38.0027664,0.0,europe
Gijon,Spain,0,277554,43.5449422,-5.66275,0.0,europe
Bari,Italy,0,277387,41.1257843,16.8620293,0.0,europe
Nantes,France,0,277269,47.2186371,-1.5541362,0.0,europe
Cherkasy,Ukraine,0,276360,49.1460165,31.2271744,0.0,europe
Brasov,Romania,0,276088,45.6523093,25.6102746,0.0,europe
Strasbourg,France,0,274845,48.584614,7.7507127,0.0,europe
Belfast,United Kingdom,16.2,274770,54.596391,-5.9301829,0.3118995926798563,europe
Wiesbaden,Germany,0,272432,50.0820384,8.2416556,0.0,europe
Ljubljana,Slovenia,0,272220,46.0500268,14.5069289,0.0,europe
Sector 5,Romania,0,271575,44.404906,26.0718655,0.0,europe
Khmelnytskyi,Ukraine,0,271263,49.268624,27.0635998,0.0,europe
Derby,United Kingdom,0,270468,52.9212617,-1.4761491,0.0,europe
Muenster,Germany,0,270184,51.9625101,7.6251879,0.0,europe
Gelsenkirchen,Germany,0,270028,51.5110321,7.0960124,0.0,europe
Chernivtsi,Ukraine,0,266533,48.2864702,25.9376532,0.0,europe
Eixample,Spain,0,266477,41.3936885,2.1636552,0.0,europe
Aachen,Germany,0,265208,50.776351,6.083862,0.0,europe
Zhytomyr,Ukraine,0,263507,50.9080532,28.3867504,0.0,europe
Moenchengladbach,Germany,0,261742,51.1946983,6.4353641,0.0,europe
Plymouth,United Kingdom,0,260203,50.3712659,-4.1425658,0.0,europe
Augsburg,Germany,0,259196,48.3668041,10.8986971,0.0,europe
Luton,United Kingdom,0,258018,51.8784385,-0.4152837,0.0,europe
L'Hospitalet de Llobregat,Spain,0,257038,41.3598601,2.0997927,0.0,europe
Espoo,Finland,10.2,256760,60.2047672,24.6568435,0.21054864159152395,europe
Latina,Spain,10.6,256644,40.4035317,-3.736152,0.2174938126007019,europe
Rivne,Ukraine,0,255106,51.2074112,26.5208033,0.0,europe
Carabanchel,Spain,12.2,253678,40.3742112,-3.744676,0.2541697071504405,europe
Wolverhampton,United Kingdom,0,252791,52.5847651,-2.127567,0.0,europe
Eimsbuettel,Germany,0,251907,53.57293715,9.958260688824495,0.0,europe
Altona,Germany,0,250192,53.58646755,9.777669726868917,0.0,europe
Nis,Serbia,0,250000,43.3211301,21.8959232,0.0,europe
Porto,Portugal,0,249633,41.1494512,-8.6107884,0.0,europe
Montpellier,France,0,248252,43.6112422,3.8767337,0.0,europe
Czestochowa,Poland,0,248125,50.8120466,19.113213,0.0,europe
City of Westminster,United Kingdom,0,247614,51.4973206,-0.137149,0.0,europe
Chemnitz,Germany,0,247220,50.8322608,12.9252977,0.0,europe
Southampton,United Kingdom,0,246201,50.9025349,-1.404189,0.0,europe
A Coruna,Spain,0,246056,43.3709703,-8.3959425,0.0,europe
Gdynia,Poland,0,244969,54.5164982,18.5402738,0.0,europe
Braunschweig,Germany,0,244715,52.2646577,10.5236066,0.0,europe
Puente de Vallecas,Spain,26.2,244151,40.3868601,-3.6591803,0.5665335336731856,europe
Blackpool,United Kingdom,0,239409,53.8179442,-3.0509812,0.0,europe
Krefeld,Germany,0,237984,51.3331205,6.5623343,0.0,europe
Halle (Saale),Germany,0,237865,51.4825041,11.9705452,0.0,europe
Arhus,Denmark,0,237551,56.1496278,10.2134046,0.0,europe
Podgorica,Montenegro,0,236852,42.4415238,19.2621081,0.0,europe
Ivano-Frankivsk,Ukraine,0,236602,48.7481718,24.5207477,0.0,europe
Kosice,Slovakia,0,236563,48.7172272,21.2496774,0.0,europe
Sant Marti,Spain,0,235719,41.4067821,2.2036554304863256,0.0,europe
Gasteiz / Vitoria,Spain,0,235661,42.8465088,-2.6724025,0.0,europe
Granada,Spain,10.9,234325,37.1734995,-3.5995337,0.24497900902739472,europe
Hamburg-Mitte,Germany,0,233144,53.5293836,9.9868308,0.0,europe
Kiel,Germany,0,232758,54.3227085,10.135555,0.0,europe
Bordeaux,France,0,231844,44.841225,-0.5800364,0.0,europe
Gent,Belgium,3.3,231493,51.0538286,3.7250121,0.07491021934488724,europe
Elche,Spain,0,230112,38.2653307,-0.6988391,0.0,europe
Milton Keynes,United Kingdom,0,229941,52.0406502,-0.7594092,0.0,europe
Magdeburg,Germany,0,229826,52.1315889,11.6399609,0.0,europe
Ploiesti,Romania,0,228851,44.9417468,26.0236504,0.0,europe
Lille,France,0,228328,50.6365654,3.0635282,0.0,europe
Ciudad Lineal,Spain,49.6,228171,40.4484305,-3.650495,1.1487329290013133,europe
Bexley,United Kingdom,0,228000,51.4416793,0.150488,0.0,europe
Sosnowiec,Poland,0,227295,50.2780834,19.1342944,0.0,europe
Neue Neustadt,Germany,0,226851,52.1580537,11.6386092,0.0,europe
Radom,Poland,0,226794,51.4022557,21.1541546,0.0,europe
Sector 1,Romania,0,225453,44.487945100000005,26.05015497306519,0.0,europe
Oviedo,Spain,20.0,224005,43.3604218,-5.8450534,0.47086685830005043,europe
Santa Cruz de Tenerife,Spain,0,222417,28.469648,-16.2540884,0.0,europe
Graz,Austria,0,222326,47.0708678,15.4382786,0.0,europe
Ternopil,Ukraine,0,221820,49.6630002,25.6167516,0.0,europe
Banja Luka,Bosnia and Herzegovina,0,221106,44.7720845,17.1917651,0.0,europe
Babruysk,Belarus,0,220517,53.1449683,29.2281209,0.0,europe
Fuencarral-El Pardo,Spain,0,220085,40.55634555,-3.7785905137518054,0.0,europe
Kremenchuk,Ukraine,0,220065,49.09285285,33.43081884909263,0.0,europe
Messina,Italy,6.2,219948,38.1937571,15.5542082,0.14774762137996955,europe
Badalona,Spain,16.0,219547,41.4493539,2.248254,0.38382194787268453,europe
Oberhausen,Germany,0,219176,51.4696137,6.8514435,0.0,europe
Verona,Italy,0,219103,45.4384958,10.9924122,0.0,europe
Terrassa,Spain,6.3,218535,41.5629623,2.0100492,0.1533971562947831,europe
Mokotow,Poland,0,217683,52.1939874,21.0457809,0.0,europe
Freiburg,Germany,0,215966,47.9960901,7.8494005,0.0,europe
Northampton,United Kingdom,0,215963,52.23433665,-0.9028072768185829,0.0,europe
Archway,United Kingdom,0,215667,51.5654371,-0.1349977,0.0,europe
Novi Sad,Serbia,0,215400,45.2551338,19.8451756,0.0,europe
Lutsk,Ukraine,0,213661,50.7450733,25.320078,0.0,europe
Bergen,Norway,0.1,213585,60.3943055,5.3259192,0.0015269939696617725,europe
Braila,Romania,0,213569,45.2716092,27.9742932,0.0,europe
Norwich,United Kingdom,0,213166,52.6285576,1.2923954,0.0,europe
Luebeck,Germany,0,212207,53.866444,10.684738,0.0,europe
Cartagena,Spain,1.7,211996,37.6019353,-0.9841152,0.04179059458312091,europe
Eindhoven,Netherlands,0,209620,51.4392648,5.478633,0.0,europe
Rennes,France,0,209375,48.1113387,-1.6800198,0.0,europe
Kielce,Poland,0,208598,50.85403585,20.609914352101452,0.0,europe
Jerez de la Frontera,Spain,0,207532,36.6816936,-6.1377402,0.0,europe
Oradea,Romania,0,206614,47.058715,21.927919041661156,0.0,europe
Sabadell,Spain,0.7,206493,41.5421013,2.1138977,0.01693165471308563,europe
Mostoles,Spain,0,206478,40.3238525,-3.8649214,0.0,europe
Linz,Austria,0.0,204846,48.3059078,14.286198,0.0007775553113201171,europe
Alcala de Henares,Spain,0,204574,40.4818396,-3.3644973,0.0,europe
Debrecen,Hungary,0,204124,47.531399,21.6259782,0.0,europe
Padova,Italy,0,203725,45.4077172,11.8734455,0.0,europe
Erfurt,Germany,0,203254,50.9777974,11.0287364,0.0,europe
Tampere,Finland,0,202687,61.4980214,23.7603118,0.0,europe
Harburg,Germany,0,202571,48.7856056,10.692743,0.0,europe
Favoriten,Austria,12.3,201882,48.1734232,16.3779143,0.32069733214235463,europe
Nicosia,Cyprus,0,200452,35.1748976,33.3638568,0.0,europe
Charleroi,Belgium,20.2,200132,50.4120332,4.4436244,0.5333440349837292,europe
Tilburg,Netherlands,0,199613,51.585618749999995,5.066061908648313,0.0,europe
Bila Tserkva,Ukraine,0,199163,49.7969703,30.1158069,0.0,europe
Dudley,United Kingdom,0,199059,52.5110832,-2.0816813,0.0,europe
Hagen,Germany,0,198972,51.3582945,7.473296,0.0,europe
Gliwice,Poland,0,198835,50.294113,18.6657306,0.0,europe
Torun,Poland,0,198613,53.0102721,18.6048094,0.0,europe
Pamplona,Spain,0,198491,42.8182536,-1.6440304,0.0,europe
Rostock,Germany,0,198293,54.0924445,12.1286127,0.0,europe
Fuenlabrada,Spain,0,197836,40.282476,-3.7923422,0.0,europe
Aberdeen,United Kingdom,0,196670,57.1482429,-2.0928095,0.0,europe
Reims,France,13.8,196565,49.2577886,4.031926,0.36939938552066365,europe
Burgas,Bulgaria,0,195966,42.444553,27.208264534658166,0.0,europe
Kassel,Germany,0,194501,51.3154546,9.4924096,0.0,europe
Portsmouth,United Kingdom,4.1,194150,50.8036831,-1.075614,0.1127380050889371,europe
Newcastle upon Tyne,United Kingdom,8.1,192382,54.9738474,-1.6131572,0.222002047464769,europe
Klaipeda,Lithuania,0,192307,55.7127529,21.1350469,0.0,europe
Zabrze,Poland,0,192177,50.3086154,18.7863749,0.0,europe
Cork,Ireland,0,190384,51.897077,-8.4654674,0.0,europe
Vantaa,Finland,0,190058,60.2921321,25.0411832,0.0,europe
Bytom,Poland,6.0,189186,50.3657432,18.87153251609449,0.1673805124798978,europe
Almeria,Spain,2.8,188810,36.8414197,-2.4628135,0.07874521387756105,europe
Sutton,United Kingdom,0,187600,51.357464449999995,-0.17362689496950337,0.0,europe
Trieste,Italy,0,187056,45.6496485,13.7772781,0.0,europe
Donaustadt,Austria,0,187007,48.2269664,16.4944845,0.0,europe
Leganes,Spain,0,186066,40.3281942,-3.76527,0.0,europe
Le Havre,France,0,185972,49.4938975,0.1079732,0.0,europe
Swindon,United Kingdom,0,185609,51.5613683,-1.7856853,0.0,europe
San Sebastian,Spain,0.9,185357,43.3224219,-1.9838889,0.02628156150680046,europe
Mainz,Germany,0,184997,50.0012314,8.2762513,0.0,europe
Brescia,Italy,0,184826,45.77958045,10.4258729694612,0.0,europe
Geneve,Switzerland,0,183981,46.2017559,6.1466014,0.0,europe
Cergy-Pontoise,France,0,183430,49.0527528,2.0388736,0.0,europe
Sants-Montjuic,Spain,0,183120,41.3647625,2.154233,0.0,europe
Santander,Spain,0,182700,43.4620412,-3.8099719,0.0,europe
Liege,Belgium,7.4,182597,50.6450944,5.5736112,0.21343458926680267,europe
Prato,Italy,0,181820,43.935718050000006,11.09414726770089,0.0,europe
Saarbruecken,Germany,14.8,181227,49.234362,6.996379,0.4322729584616647,europe
Groningen,Netherlands,0,181194,53.2190652,6.5680077,0.0,europe
Taranto,Italy,0,181082,40.54881555,17.08058012454743,0.0,europe
Crawley,United Kingdom,0,180508,51.1103444,-0.1801094,0.0,europe
Castello de la Plana,Spain,0,180005,39.9860347,-0.0377354,0.0,europe
Praga Poludnie,Poland,0,179836,52.2373961,21.0712578,0.0,europe
Hamm,Germany,0,178967,51.6804093,7.815197,0.0,europe
Burgos,Spain,7.2,178966,42.343926,-3.696977,0.2116893670691978,europe
Amadora,Portugal,10.5,178858,38.7595162,-9.223677009460125,0.30945045948142325,europe
Ipswich,United Kingdom,0,178835,52.0579495,1.1526345,0.0,europe
Bielsko-Biala,Poland,0,176515,49.822118,19.0448936,0.0,europe
Almere Stad,Netherlands,0,176432,52.3722582,5.2176582,0.0,europe
Split,Croatia,0,176314,43.5116383,16.4399659,0.0,europe
Saint-Etienne,France,0,176280,45.4401467,4.3873058,0.0,europe
Turku,Finland,0,175945,60.4517531,22.2670522,0.0,europe
Wigan,United Kingdom,0,175405,53.5457188,-2.6264624,0.0,europe
Croydon,United Kingdom,0,173314,51.3713049,-0.101957,0.0,europe
Miskolc,Hungary,0,172637,48.1030643,20.7900429,0.0,europe
Walsall,United Kingdom,0,172141,52.5847949,-1.9822687,0.0,europe
Herne,Germany,20.1,172108,51.5380394,7.219985,0.6175406530979588,europe
Mansfield,United Kingdom,0,171958,53.1443785,-1.1964165,0.0,europe
Olsztyn,Poland,0,171803,53.7767239,20.477780523409734,0.0,europe
Bacau,Romania,0,171396,46.4228703,26.716399078506697,0.0,europe
Oxford,United Kingdom,0,171380,51.7520131,-1.2578499,0.0,europe
Muelheim,Germany,0,170921,51.4272925,6.8829192,0.0,europe
Albacete,Spain,8.6,169716,38.9950921,-1.8559154,0.2662825364197309,europe
Reggio Calabria,Italy,0.6,169140,38.1035389,15.6397556,0.020268294797385924,europe
Arad,Romania,0,169065,46.1753793,21.3196342,0.0,europe
Baranovichi,Belarus,0,168772,53.13217855,25.97101338172825,0.0,europe
Toulon,France,2.8,168701,43.1257311,5.9304919,0.08641811230795535,europe
Angers,France,0.4,168279,47.4739884,-0.5515588,0.011927914426217958,europe
Horta-Guinardo,Spain,0,168092,41.42883005,2.1439571346222888,0.0,europe
Patra,Greece,0,168034,38.246242,21.7350847,0.0,europe
Alcorcon,Spain,24.6,167967,40.3492998,-3.8284295,0.7743724673395727,europe
Breda,Netherlands,0,167673,51.5887845,4.7760237,0.0,europe
Pitesti,Romania,17.2,167669,44.8572343,24.8719422,0.5418842135507236,europe
Neukoelln,Germany,0,167248,52.4811497,13.4353501,0.0,europe
Getafe,Spain,21.7,167164,40.3081807,-3.7302679,0.6851220203840509,europe
Osnabrueck,Germany,0,166462,52.2719595,8.047635,0.0,europe
Nou Barris,Spain,6.1,166310,41.4458153,2.1798006,0.19460094355296678,europe
Warrington,United Kingdom,0,165456,53.3899497,-2.5943178,0.0,europe
Szeged,Hungary,0,164883,46.2546312,20.1486016,0.0,europe
Basel,Switzerland,0.3,164488,47.5581077,7.5878261,0.01070061178606697,europe
Zenica,Bosnia and Herzegovina,0,164423,44.199828,17.9093012,0.0,europe
Solingen,Germany,0,164359,51.1721629,7.0845893,0.0,europe
Pilsen,Czech Republic,0,164180,49.7477415,13.3775249,0.0,europe
Slough,United Kingdom,17.1,163777,51.5111014,-0.5940682,0.5528867464771161,europe
Piraeus,Greece,0,163688,37.9431594,23.6470593,0.0,europe
Bournemouth,United Kingdom,0,163600,50.720097,-1.8799272,0.0,europe
Peterborough,United Kingdom,0,163379,52.5725769,-0.2427336,0.0,europe
Ludwigshafen am Rhein,Germany,1.1,163196,49.4704113,8.4381568,0.03647400262162743,europe
Floridsdorf,Austria,2.3,162779,48.279815049999996,16.412134555336003,0.07387603197394627,europe
Leverkusen,Germany,24.1,162738,51.0324743,6.9881194,0.7823628103095026,europe
Hortaleza,Spain,44.9,161661,40.4725491,-3.6425515,1.4679916313796606,europe
Anderlecht,Belgium,0,160553,50.8390983,4.3296526,0.0,europe
Oldenburg,Germany,12.1,159218,53.1389753,8.2146017,0.39985498704212025,europe
Modena,Italy,0,158886,44.5384728,10.935960870530739,0.0,europe
Nijmegen,Netherlands,0,158732,51.842574850000005,5.838960628748229,0.0,europe
Grenoble,France,0,158552,45.1875602,5.7357819,0.0,europe
Cambridge,United Kingdom,0,158434,52.2055314,0.1186637,0.0,europe
Rzeszow,Poland,0,158382,50.0374531,22.0047174,0.0,europe
Doncaster,United Kingdom,0,158141,53.5227681,-1.1335312,0.0,europe
San Blas-Canillejas,Spain,28.1,157367,40.428919050000005,-3.604002428077398,0.9434517506072149,europe
Tiraspol,Moldova,0,157000,46.8371103,29.6109989,0.0,europe
Pecs,Hungary,0,156649,46.0765883,18.2280397,0.0,europe
Ruse,Bulgaria,0,156238,43.8480413,25.9542057,0.0,europe
Salamanca,Spain,0,155619,40.9651572,-5.6640182,0.0,europe
